npi,fraud_label
1922348218,1
1942476080,0
1275600959,1
1891731758,0
1851631543,0
1902198435,1
1073682936,0
1902166028,0
1992906937,0
1104947944,1
1164669479,1
1043302250,1
1780812768,0
1447560867,0
1790963460,0
1073671517,0
1376533083,0
1285786608,0
1205019767,1
1346254653,0
1205992989,1
1922151851,0
1942399753,0
1235104571,0
1659424224,0
1629125307,0
1215968847,0
1215968847,1
1356713226,0
1649524182,1
1184831752,1
1700995859,1
1093800195,1
1487843231,1
1740277672,1
1275856452,1
1437418506,1
1154372779,0
1326100199,0
1548560683,1
1881816031,0
1831243807,0
1487873519,0
1750335329,0
1902997513,1
1730299652,0
1083747869,1
1396786695,0
1437449139,1
1366425233,1
1790746733,1
1770579518,0
1285651638,0
1861575805,1
1407923568,1
1598959389,1
1033407309,1
1679604375,0
1801024179,1
1285940148,0
1255601076,1
1710102033,1
1497971741,1
1700085289,1
1841464021,0
1629146865,0
1063710929,1
1184859761,0
1881879625,0
1205230711,1
1356339683,0
1558495325,0
1477704351,1
1083789143,0
1104927508,0
1124356043,0
1609993823,1
1851476832,0
1497077796,0
1679614671,0
1942347620,0
1295734671,0
1538506076,1
1023093473,0
1952382400,1
1154399970,1
1275549016,1
1053505115,1
1669658019,0
1063696508,0
1174537823,0
1861596827,1
1619426715,1
1578697710,0
1417081415,0
1669702999,0
1073827523,0
1396051165,0
1932368644,0
1164745956,0
1558601773,0
1578895199,0
1982765095,1
1033194386,1
1326091760,0
1194829754,1
1578549051,1
1053696880,1
1487170049,1
1518138213,0
1710101811,0
1528355195,0
1083703532,0
1720145030,0
1669482105,0
1144493396,0
1053351882,0
1174649164,0
1629323266,1
1477827251,1
1114261492,0
1104020122,0
1548392541,1
1275788226,1
1790833440,0
1013134139,0
1346582384,0
1154579191,0
1154579191,0
1154330421,1
1336334093,1
1912339607,1
1508887431,0
1639338643,1
1356419279,1
1477738805,1
1679630412,0
1699896746,0
1588979686,0
1801197298,0
1750469763,0
1093041097,1
1215925102,1
1205155470,1
1477799021,1
1063630945,1
1487821799,0
1699738039,0
1174707731,0
1184674582,0
1760432249,1
1306166889,1
1831302371,1
1194734459,1
1417972381,1
1073549671,1
1790879039,0
1295975803,0
1780743732,0
1750648770,0
1669587515,1
1952587172,0
1407958598,1
1760881106,1
1851427199,1
1477868032,0
1003960204,0
1477610764,0
1235339300,1
1891747051,1
1356561906,0
1639577885,0
1811194368,0
1831493550,1
1598746919,0
1699043299,0
1750516399,0
1487898615,1
1407996424,0
1336451087,0
1871797167,0
1538209564,0
1891836078,0
1649343922,0
1659699049,1
1235360397,0
1881770899,1
1134455827,1
1679844161,1
1932428208,0
1326331992,1
1154554483,0
1568492460,0
1679603740,1
1184633455,1
1114201340,1
1144332149,1
1841505153,0
1184687519,0
1518997469,1
1538414743,1
1821327651,1
1598958621,1
1497845622,0
1467598722,1
1598864027,0
1386716926,0
1245609130,1
1528377181,1
1427118405,0
1689972739,0
1902935935,0
1831172204,1
1750506077,0
1164475976,0
1285687087,0
1427004084,0
1790730919,0
1326235854,0
1811989221,1
1578796678,1
1336221126,1
1255421541,0
1689677130,0
1043304199,0
1902947211,0
1306239116,1
1669748836,1
1609912088,1
1598041998,1
1902137664,0
1518387760,0
1104198688,0
1215034582,1
1174745533,1
1477861466,0
1891026878,0
1447200027,1
1700016045,0
1144325762,0
1639281553,1
1336370097,1
1073842712,1
1568761013,1
1447301114,0
1306972716,0
1386641298,1
1639352545,1
1700824802,1
1689884694,0
1457645343,1
1669522983,1
1619113677,0
1477543189,0
1760576755,0
1932218609,1
1508900879,0
1942295746,0
1548531064,1
1093756934,1
1881789741,1
1487739967,0
1588846836,0
1962651687,1
1871759498,1
1942339734,1
1467698340,1
1922163468,0
1215980594,0
1396070603,0
1275571671,1
1699704395,0
1164561015,0
1427275718,0
1982633715,0
1518990654,1
1457576282,1
1174818223,1
1376707109,0
1356609812,0
1487039392,0
1376655365,1
1689775504,0
1770860991,1
1518159771,0
1932125945,0
1902091390,0
1972795854,1
1538260633,1
1578878245,1
1639318124,1
1295924488,1
1437367406,1
1972514040,1
1659305845,1
1972777951,0
1932105996,0
1871784587,1
1376087700,0
1891930491,0
1639137755,1
1699819433,1
1508069287,0
1285014977,1
1356419592,0
1831268663,1
1740236207,1
1497823314,0
1538168059,1
1790874634,0
1780708693,0
1750457933,0
1013919307,1
1013919307,1
1245416148,0
1154350361,0
1366590366,1
1356478812,1
1538322102,1
1205006905,0
1700936127,1
1326459272,0
1932281896,0
1316276868,1
1134119043,1
1609953611,1
1609124288,1
1386651495,1
1679560742,0
1104129303,0
1093909442,0
1083152458,0
1770737918,1
1306240171,0
1396850327,0
1306019609,0
1720201015,0
1992878136,0
1689704041,0
1295084978,1
1639299167,0
1316003676,0
1023230562,0
1548324676,1
1821269275,1
1639450927,1
1558707331,0
1548305246,0
1093935355,0
1639227895,0
1962667527,0
1750353249,0
1457341166,0
1720342884,0
1720190739,1
1013242858,1
1982612586,0
1275750374,1
1245375179,0
1639368350,0
1346414042,0
1295801389,1
1730280876,0
1366567075,0
1801319934,1
1982736492,0
1659490746,0
1396932513,0
1982837845,0
1124149307,0
1477537496,1
1124292966,1
1679754725,0
1194807255,1
1225029184,1
1790097574,1
1487870507,0
1497811368,1
1841203320,1
1003127655,1
1568735264,0
1609874742,1
1609874742,1
1144399403,1
1225369556,1
1528114998,1
1760435226,1
1922429489,1
1811163132,1
1841420106,1
1750580676,0
1720115199,1
1336228758,1
1851316830,0
1417211020,1
1811937774,1
1295722163,0
1669557302,0
1881638781,0
1811184849,0
1104830330,1
1427499904,1
1568668705,1
1356369565,1
1871690487,1
1366531337,1
1740210178,0
1780714667,1
1558434985,1
1194841460,1
1730218157,1
1114964442,1
1639370356,1
1912069394,1
1598938995,1
1255378402,1
1902134026,1
1578794715,0
1699924548,1
1114025426,1
1811076110,1
1003801044,1
1558416099,1
1588734081,1
1891086062,1
1336136431,1
1891743654,1
1891743654,1
1720317837,1
1023118809,1
1730273053,0
1962661215,0
1902903552,1
1083804686,1
1215328323,1
1912032780,1
1326008384,1
1831145929,1
1396857207,1
1669412946,1
1053475814,1
1225275597,1
1952417610,1
1194916551,1
1215187406,0
1245210764,1
1669422523,1
1255397204,1
1891732442,0
1699885996,1
1962557249,1
1437121837,1
1255378592,1
1194141119,1
1295809358,1
1003859885,1
1720117518,1
1760521041,1
1942203880,1
1144244708,1
1043310956,1
1710071402,1
1093875296,0
1861827669,1
1689853020,1
1396968434,1
1477571818,1
1164641858,1
1205959970,0
1205959970,0
1992157481,1
1346420650,1
1265631345,1
1679639397,1
1649560137,1
1003999145,0
1881892610,0
1336311000,1
1891780425,1
1821350406,1
1366474512,0
1306807797,1
1811986961,1
1912487877,1
1164752762,1
1588074314,1
1285613778,0
1841583994,1
1427256205,1
1790709913,0
1760400519,1
1356369102,1
1598886186,0
1811097843,1
1902143605,1
1457499865,0
1013944503,1
1528078979,1
1225144264,1
1417379173,1
1366692634,1
1992863476,1
1265468409,1
1164560496,1
1871631192,1
1821162694,1
1407909401,1
1407008022,1
1891098422,1
1932145869,1
1962574582,1
1437140217,1
1730150129,1
1154545473,1
1184732596,1
1194805887,1
1528390358,1
1144407552,1
1740469865,0
1417139692,1
1912998337,1
1538114632,1
1497797526,1
1659407286,1
1487870176,1
1588696207,1
1770989675,1
1336229145,1
1518202886,1
1083630016,1
1154413110,1
1891962619,1
1992890636,1
1467678755,1
1598832560,1
1750566162,1
1205980489,1
1194027938,1
1467660365,1
1912153602,1
1366716409,0
1376810945,1
1760710669,0
1134203698,1
1992025043,0
1144211913,1
1841230166,1
1659434108,1
1891980918,1
1962597575,1
1669659421,0
1053441436,1
1184944712,1
1245425974,1
1174658462,1
1366693699,1
1437282555,0
1184617987,1
1871675769,1
1467546788,1
1033451786,1
1902245863,1
1811146673,1
1841317625,1
1780878561,1
1184898140,1
1558300897,1
1508926940,1
1013074525,1
1427079458,1
1083833750,1
1417928656,1
1285825711,1
1437161304,1
1437161304,0
1891940243,1
1073750873,1
1356560171,1
1356551840,1
1528346608,1
1053458018,1
1245230168,1
1972960599,1
1861431967,1
1376927988,0
1417917816,0
1194057844,1
1740330398,1
1104909043,1
1578571105,1
1477874998,1
1124052352,1
1124052352,1
1841466190,1
1235207523,1
1740349505,0
1811074560,0
1982601704,0
1932301298,0
1881632487,1
1376567875,1
1073723433,0
1356437107,1
1427004233,1
1649342312,0
1013125830,1
1548351125,0
1831339902,1
1659592079,1
1508955055,0
1427170562,1
1376819532,1
1023004587,1
1356311591,0
1457607582,1
1811170277,1
1083724561,1
1811900228,1
1356555494,1
1073739579,0
1205000353,1
1306906854,0
1497702377,0
1316097033,0
1528154788,1
1871571406,1
1629339940,1
1144532441,1
1881664829,1
1700981925,1
1811058282,1
1811058282,1
1811022312,1
1629493549,1
1518191774,1
1891084638,1
1801038591,1
1700872645,0
1538473038,1
1821160961,1
1043674591,1
1952421034,1
1669508149,0
1427503093,1
1104022318,1
1780752444,0
1033387493,0
1841430071,1
1063587426,1
1801998943,0
1710159843,1
1275587123,1
1083655906,0
1811984594,1
1811984487,1
1609109834,1
1710937651,1
1326185521,0
1841208089,1
1619169406,1
1760510168,1
1619017449,0
1386634293,1
1679575443,1
1538100599,1
1376807677,1
1679572325,0
1538321922,1
1447327952,1
1508907122,1
1275593618,0
1427197631,0
1679615553,1
1306140629,1
1205023512,0
1801908173,1
1609901891,1
1053334524,1
1053334524,1
1922163427,1
1487682399,1
1205048618,1
1649339946,0
1467418566,0
1104824200,1
1144559618,1
1811909260,1
1376640193,1
1811104581,1
1053661884,1
1306819685,1
1831297266,1
1992850416,0
1992850416,1
1710107735,1
1396739736,1
1356563076,1
1679545149,1
1689685752,1
1871786590,1
1942288386,1
1275559338,0
1568546497,0
1851379960,0
1518077510,1
1134146012,0
1225067044,1
1497757280,1
1588659965,0
1619197571,1
1538476445,1
1306933908,1
1205895133,1
1811059967,1
1679679096,0
1700229531,1
1073567400,1
1750451613,1
1235232794,1
1972700722,0
1528250974,1
1073628459,1
1538253208,1
1841275641,1
1952515363,1
1376505164,1
1619085685,1
1679765499,1
1427103357,1
1538225628,0
1679661052,1
1073524823,0
1598779167,1
1154309045,1
1538395876,0
1346310695,1
1851408041,0
1508920828,0
1336112523,0
1548551716,0
1568470342,1
1396796033,0
1528071594,1
1396976841,1
1649633603,1
1225167562,1
1255355160,1
1255300661,1
1316943384,0
1447389879,0
1841365657,1
1972583284,1
1770551665,1
1609915321,0
1689757536,1
1689757536,1
1588628770,1
1275785958,1
1801919865,1
1063408102,1
1124214424,0
1427071059,1
1346297348,1
1770505729,1
1194897298,1
1891803318,1
1720351133,1
1194052936,1
1497908834,0
1619316700,1
1518313295,1
1992839039,1
1831152255,0
1740376359,1
1538121025,0
1427081546,1
1699861989,1
1033310263,1
1619925872,1
1023166410,1
1861518755,1
1972622603,1
1649463977,1
1053373753,1
1760684534,1
1346640745,1
1235151184,1
1992720700,1
1386691392,1
1457511487,0
1952386310,1
1427086891,0
1871692285,1
1932429826,0
1760587398,1
1043229313,0
1326095761,1
1780645648,1
1356406177,1
1467414763,1
1184616310,1
1871637223,1
1306924337,1
1326021098,1
1326021098,0
1396721205,1
1346224821,0
1376655845,1
1790741882,1
1699834747,1
1932261401,1
1598874422,1
1568405132,1
1568405132,1
1366533390,1
1871616912,1
1740551001,1
1720190887,1
1679795108,1
1316906456,0
1629106257,1
1992784169,1
1639126121,1
1205008125,1
1265464168,0
1982786471,1
1134528177,1
1720107170,0
1164598140,1
1215189378,0
1962565549,1
1568598456,1
1174833412,1
1356353429,0
1154625937,1
1114030863,1
1922114040,1
1598085516,0
1831304096,0
1407937139,1
1568578268,0
1952454928,1
1043369093,0
1871663740,1
1386651842,1
1417190398,1
1316926306,1
1235211095,1
1922080290,1
1528196300,0
1528196300,1
1962409615,1
1538119797,1
1639297047,0
1770553521,1
1104881382,1
1932388345,1
1659525467,0
1427146984,1
1417008756,1
1932325032,0
1801085972,1
1093887309,1
1831169085,1
1598910663,1
1366857195,1
1275677213,1
1508243189,0
1972565562,1
1699823435,1
1902894322,0
1811965783,1
1063501823,1
1104834209,1
1669542338,1
1417116427,1
1285782599,1
1932230588,1
1073558557,1
1790733665,1
1275776544,1
1831151356,1
1326387416,1
1972526572,0
1427000819,1
1447554506,1
1174569248,1
1508004433,0
1497006241,1
1669655346,1
1184672834,1
1760542492,0
1538235015,0
1780827469,1
1023189248,0
1023189248,1
1215963715,1
1205922747,1
1073796975,0
1124124268,0
1437339900,1
1083706915,1
1720209521,0
1538321047,1
1750370862,1
1477654200,1
1598735581,1
1194850172,1
1417036641,0
1215222393,1
1528000668,1
1730231259,1
1801203005,1
1760665806,1
1710006978,1
1639159072,0
1093787343,1
1427090562,1
1528008547,0
1164436960,1
1952430241,0
1942461470,1
1083617260,1
1245261742,1
1174076020,1
1487901963,0
1669678652,1
1639363161,1
1386788503,1
1508299603,1
1841456902,0
1841456902,1
1972748523,1
1699762914,1
1659374528,1
1851332449,1
1821128331,1
1134259054,1
1063691376,1
1275595399,1
1023442555,1
1194801746,1
1255421384,1
1699954388,1
1376516609,1
1467431080,1
1013178946,0
1932373735,0
1063591899,1
1891769063,0
1548492291,0
1154441509,1
1962773457,1
1225292667,1
1174629893,1
1760481550,1
1134399926,1
1891750923,0
1407945744,1
1154336808,1
1821499724,1
1235233586,0
1174689558,1
1407926702,1
1124120308,1
1871638502,0
1588836829,1
1134401136,1
1023065521,1
1477623890,1
1609985845,1
1942568738,1
1255690558,1
1659365716,0
1265588594,1
1588086268,1
1295813376,1
1255488540,0
1760444590,1
1992175301,1
1255591574,1
1740585058,1
1356550701,1
1124367909,0
1669414553,1
1013244508,1
1588705172,1
1639518491,1
1205865128,1
1144376732,1
1487852695,1
1821120882,1
1811070006,1
1457443632,0
1326091646,0
1205948577,1
1720156839,1
1235160821,1
1386695591,1
1043481138,1
1942463138,0
1437200045,0
1053527622,1
1932232683,1
1659339679,1
1164410056,1
1528051240,1
1104809706,1
1972559227,1
1780955195,1
1992958078,0
1659445690,1
1275773046,0
1063740181,1
1386604643,1
1104033091,1
1518909746,1
1356339055,1
1356339055,1
1821118803,0
1003813759,0
1093926305,1
1922301548,1
1508952102,1
1982697413,0
1821201021,1
1518181270,0
1457333429,1
1205813441,1
1740617034,1
1730158304,1
1457768756,1
1629074802,1
1972039451,1
1508868472,1
1255479804,1
1740290253,1
1265588131,1
1992113922,1
1477554616,1
1740331651,0
1942320635,1
1609860097,0
1184727745,1
1780898239,1
1407867666,1
1679591713,1
1952708885,1
1346403540,1
1710120357,1
1316261647,1
1942219290,1
1811962251,1
1013954874,0
1265460976,1
1881600906,0
1134139884,0
1326183930,1
1780837534,1
1396922134,1
1548415391,1
1679565204,1
1316073455,0
1548360308,1
1174625982,1
1972554228,1
1265402846,1
1245277060,1
1972683506,0
1972534394,1
1285717397,1
1700808672,1
1942264973,1
1629219969,1
1770814980,1
1992034250,1
1902179476,1
1104091818,1
1639275969,1
1952357303,1
1255363362,0
1225061765,1
1760750798,1
1285672386,1
1669413142,1
1598995219,1
1114056082,0
1811155690,1
1639272735,0
1124146345,1
1326329392,1
1508200676,1
1982636056,0
1518959766,1
1700904604,1
1063537215,1
1215158308,1
1972885739,1
1750587820,0
1114955325,1
1083600571,0
1639193196,1
1881614352,1
1528199791,1
1124203765,0
1811282635,1
1891722237,1
1922034297,1
1760692842,1
1063786366,1
1134392046,1
1013167311,0
1265434914,1
1538164942,1
1629281746,1
1760484364,1
1922037613,1
1215088752,1
1912951716,1
1467666974,1
1679792543,1
1194959502,1
1548246291,0
1275525438,1
1568478220,1
1811015746,1
1942333489,0
1801990312,1
1043366313,0
1669435764,1
1114073418,1
1124036231,1
1225070246,1
1417095787,0
1245343888,1
1801946496,1
1730317124,0
1093726556,0
1710221882,1
1851313225,1
1851313225,0
1720253347,0
1619074788,1
1124082169,1
1760607352,0
1639493091,1
1902120363,1
1396851366,1
1295922110,1
1982843587,1
1124106513,1
1285785758,0
1386923407,0
1124055900,1
1467708479,1
1326002445,0
1982791638,1
1851423065,1
1023268695,1
1811048515,0
1316962566,1
1265758759,1
1174576912,1
1417130352,0
1134323355,1
1568716058,1
1316004963,1
1891936217,1
1326293937,1
1336180611,1
1811265507,1
1174770697,1
1669511473,1
1699840264,1
1245285436,1
1033213483,1
1447334008,0
1528153061,1
1609857200,1
1124170048,1
1437362308,1
1255306767,0
1467509406,0
1114982444,0
1497856470,1
1245347574,1
1508003088,0
1518037969,1
1194764894,1
1962479675,1
1396874517,1
1891752564,1
1275748675,1
1437450822,1
1194984237,1
1962421198,1
1821097130,1
1821097130,1
1629197009,1
1376647503,1
1477624575,1
1689997835,0
1316909492,1
1518157429,0
1194801662,1
1972944460,1
1265498505,0
1659444826,1
1265461768,0
1114197100,1
1629153507,1
1194896779,1
1588652275,1
1750551818,0
1912162835,1
1093814717,0
1093814717,1
1447202205,1
1447202205,1
1255308797,0
1598807547,0
1205144474,1
1508125600,0
1508125600,1
1730383993,0
1689645608,0
1962829754,1
1851482749,1
1629115217,1
1083707624,1
1922096080,1
1346352085,1
1316067051,1
1114063849,0
1235215153,1
1891738472,0
1730280124,1
1609968510,1
1376662031,1
1417158262,1
1053589929,1
1235106543,0
1043343569,1
1447236716,1
1215988092,1
1124341060,0
1124341060,1
1841310125,1
1043353758,1
1619188695,1
1487845343,1
1811012065,1
1063443299,1
1306838123,1
1558347468,1
1245390020,1
1306184809,1
1689709966,0
1336357599,1
1598765307,1
1053583104,1
1154391910,0
1659355840,1
1003845306,0
1437149952,1
1801839139,1
1801839139,1
1801839139,1
1669639944,1
1043480106,1
1073810941,0
1295764710,0
1477620706,0
1588137418,1
1962629675,1
1780762567,1
1689766693,1
1033248398,1
1770656506,0
1013160258,1
1437138864,1
1669579181,1
1639395395,1
1750343679,1
1326158312,0
1487665246,1
1831370162,1
1902874456,1
1750399093,1
1851629422,1
1972931210,1
1881736593,1
1639268980,0
1487877213,1
1407814726,1
1679694145,1
1588604805,1
1649317298,1
1144367640,0
1659599736,1
1295909901,1
1255312625,1
1952392177,1
1154379840,1
1154379840,0
1487807319,1
1578776894,1
1528087970,1
1528087970,1
1093910291,0
1083857270,0
1518016252,1
1992030050,1
1821234386,1
1114972874,1
1841227436,1
1750454070,0
1346457892,1
1730160193,1
1275875783,1
1114062122,1
1497722391,1
1811029127,1
1649276684,1
1003930017,1
1023320835,1
1598919466,1
1831470673,1
1982805883,1
1376608356,1
1912938291,1
1396153607,1
1699849885,0
1548282759,1
1821019308,1
1700963055,1
1124246830,1
1528206067,1
1730215922,1
1952521965,1
1396736260,1
1396736260,0
1346396991,1
1720178148,1
1679618862,1
1467587410,1
1639288269,1
1619168036,0
1386664936,1
1447291380,1
1427361609,0
1750478376,1
1720397748,1
1073701280,1
1801926134,1
1548376965,1
1972726925,1
1972656015,0
1669412243,1
1699828210,1
1003800533,1
1467435289,0
1083850267,1
1174688493,1
1104024454,1
1316035793,1
1235158734,1
1083823355,0
1790727642,1
1295836245,0
1447577846,0
1598985517,1
1952751356,1
1104975721,0
1881681666,1
1740303676,1
1598743262,1
1164594487,1
1225025539,1
1598742470,0
1326065913,1
1578608121,1
1265469472,1
1174732317,1
1871634006,1
1003903626,1
1548520786,1
1124096938,1
1811978414,1
1053372201,1
1346456555,1
1992781660,1
1699970046,1
1578732210,1
1619117538,1
1083627376,0
1619170156,1
1043424237,1
1710101480,1
1962434027,1
1356519953,1
1356331144,1
1295733574,0
1871704510,1
1891917886,1
1619123866,1
1245596030,1
1730346826,0
1902903149,1
1578524237,1
1942353347,1
1245366053,0
1861566960,1
1083627269,1
1265618078,1
1982836128,1
1740539097,1
1346220712,0
1043518673,1
1760553580,1
1629444922,1
1902975915,1
1770668931,1
1568419687,1
1427247881,0
1598753261,1
1235355785,1
1235355785,1
1518979129,0
1336481324,1
1184932741,1
1154709699,0
1336207190,1
1639172307,1
1770807067,1
1689605818,0
1386795292,1
1982782983,1
1053557314,1
1053557314,1
1881615268,1
1154506889,1
1114227907,1
1427248327,1
1669551610,1
1720285810,1
1396714655,1
1093044323,1
1427151729,1
1578971651,0
1790701662,0
1114179249,1
1649580523,1
1871596643,0
1245328848,1
1417242900,1
1336210475,1
1306853221,0
1114922044,1
1063658243,1
1306834643,1
1780746230,0
1477594935,1
1477594935,1
1073555389,1
1982689626,1
1487872032,1
1619072279,0
1871570358,1
1811908361,1
1730210428,1
1548427164,1
1215158837,1
1871915322,1
1912283375,1
1285889782,1
1902060247,1
1336203603,0
1902023997,1
1457483513,1
1619918364,1
1962645655,1
1598985228,1
1710215769,1
1366536542,1
1205263241,1
1083803563,1
1013999002,1
1609909423,1
1881866143,1
1104974906,0
1306831300,1
1447463047,1
1780608976,1
1780608976,1
1922270081,1
1518038348,1
1588984421,1
1114951407,1
1205038395,1
1851396154,0
1851750368,1
1033126651,0
1992753347,1
1336145309,0
1396911350,1
1447527502,1
1679780498,1
1124344759,1
1497974059,0
1669409298,1
1417151945,0
1073567962,1
1639309826,1
1265508774,0
1851714604,1
1275840522,1
1578623203,0
1336103019,1
1952433963,1
1689611873,1
1184922403,1
1376606459,1
1730173147,1
1184053530,1
1477663888,1
1720033749,1
1679767941,1
1043215650,1
1619029691,1
1679549513,0
1952461964,1
1215050141,1
1437177342,1
1922204304,0
1134409139,1
1194900373,1
1356329528,1
1083919344,1
1912092636,1
1942465927,1
1144392499,1
1023079555,1
1306935093,1
1184836652,1
1730485525,1
1770570194,1
1275521924,1
1831436054,1
1689742397,1
1750569067,1
1669682928,1
1356389175,1
1184664435,0
1780693051,0
1356423784,1
1356423784,1
1063728483,1
1972607398,1
1023235132,1
1710007505,1
1164407953,1
1922032770,1
1043257744,1
1497796528,1
1689076531,1
1043220262,1
1730278011,1
1679763122,0
1104038090,0
1194815266,1
1891882437,1
1427241074,1
1578644407,1
1013266212,1
1124088380,0
1104849900,1
1972727501,0
1255458238,1
1033185871,1
1831310937,1
1053412015,1
1801956511,1
1598908295,0
1356578108,0
1528152840,0
1477766822,1
1811368863,1
1760791073,1
1558448951,1
1427098268,1
1831329135,0
1144306176,1
1144297276,1
1457670036,1
1093007635,1
1225004328,1
1285966580,1
1679723589,1
1528007515,1
1477553840,1
1346480803,1
1447277215,1
1376524900,1
1750464921,1
1386058469,0
1245228568,1
1437282738,1
1396772737,1
1124032644,1
1841493707,0
1760678510,1
1801880638,0
1801880638,1
1558441873,0
1871596098,1
1881636835,1
1851391460,1
1740317742,1
1740317742,1
1962432591,1
1649215633,1
1174510549,1
1811985906,1
1770591042,1
1174600936,0
1104981067,1
1194825919,1
1366754228,1
1255608279,1
1194702076,0
1689613861,0
1275864183,1
1447584339,1
1437162096,1
1437226511,0
1407885858,1
1699841056,1
1205894243,0
1225010788,0
1073725974,1
1972552479,1
1942458559,1
1528137882,0
1619125135,1
1851582092,0
1295971323,1
1023425980,1
1346401957,1
1437320579,1
1184611725,1
1619930260,1
1225151707,1
1548231418,1
1861636201,1
1568491686,1
1962494344,1
1821150871,1
1144201104,1
1346207776,1
1922075035,1
1700228640,1
1205157302,1
1831457233,1
1467592428,1
1528060506,1
1013179720,0
1043213887,1
1447285119,1
1023367802,1
1902186539,1
1033445259,1
1396906160,1
1982643482,1
1083949143,1
1487737243,0
1023120649,1
1174776264,1
1356451918,1
1437569977,1
1598767584,0
1558640201,1
1003867730,1
1033195557,1
1417938614,1
1720075153,1
1568681542,0
1932185121,1
1952749889,1
1043226749,1
1225066210,1
1316915168,1
1386696300,0
1073893491,1
1144223678,1
1265634984,0
1588775118,1
1649239583,1
1801827647,0
1417964875,1
1639268782,1
1194708032,1
1720003882,1
1568523397,1
1861629909,1
1790916393,1
1790916393,1
1518008606,1
1285630186,1
1285630186,0
1013303429,1
1497807705,1
1467667709,1
1093832651,1
1730250036,1
1588697700,1
1669474474,1
1902876659,0
1770643470,1
1336191360,1
1952561250,0
1841511805,1
1518095348,1
1235131020,0
1366442188,0
1689795924,1
1972681674,0
1174587877,1
1386915866,1
1114071255,1
1083632699,1
1376552117,0
1003817743,1
1821000704,0
1447347042,1
1366428773,1
1497864151,1
1508160839,1
1386823490,1
1437291911,1
1215053665,1
1215053665,1
1811046543,1
1003902800,1
1942265061,1
1124351200,1
1376680348,1
1295770154,0
1245217017,1
1710027263,1
1346352531,1
1659413391,1
1174663777,0
1255468039,0
1881703452,1
1962629253,1
1467621037,1
1629322235,1
1407155203,1
1497745905,1
1659695468,1
1487889036,1
1760440655,0
1720299274,1
1083972178,1
1730379983,1
1255314779,1
1184658346,1
1760479372,1
1437196375,0
1598891756,1
1558315341,1
1578525416,0
1265511083,1
1053458638,1
1922410158,0
1770606576,1
1538225131,1
1578728697,0
1639224553,1
1013095975,1
1205814266,1
1114076734,0
1669709895,1
1467486654,1
1740371301,1
1346224987,1
1598012536,1
1215052931,0
1487634069,1
1366630618,1
1265633796,0
1922215185,0
1538143136,1
1497990188,1
1659334407,1
1881703726,1
1154710432,1
1982602389,1
1952477622,0
1952477622,0
1225008253,0
1548481914,1
1447249891,0
1740302884,1
1467533943,1
1255342937,0
1518909795,1
1639285281,0
1740559517,1
1245261452,1
1457523490,1
1033284930,1
1033284930,0
1932162245,1
1548582331,1
1982782900,0
1780737684,0
1750346193,1
1023169257,0
1487852539,1
1811216468,1
1629397278,1
1386623270,1
1295705291,1
1700395746,1
1679876783,1
1033297643,1
1023184835,1
1063754182,1
1457594509,0
1326489303,1
1851305197,1
1235182189,1
1376668988,1
1174697825,1
1205086303,1
1922379221,1
1962508697,1
1831179084,1
1821013293,1
1073625505,1
1124246012,1
1083647093,1
1538265947,1
1477655207,1
1487776795,1
1467543074,1
1376668079,1
1548272495,1
1588005706,1
1417065186,1
1194774075,0
1588816433,1
1255772620,1
1669482568,0
1447306774,0
1568514909,0
1194821074,1
1093835308,1
1073735759,1
1194704627,1
1730241944,0
1205083961,1
1023292604,1
1356618201,0
1356660781,1
1619391273,1
1467474882,1
1932154366,0
1497812010,1
1447210547,0
1366592701,1
1376514083,1
1912028234,1
1932344629,1
1972513703,1
1720101900,1
1073510319,1
1376848598,1
1073699708,1
1801927702,1
1316075161,1
1972949105,1
1225190606,1
1770677072,0
1942389754,1
1922216696,1
1972533651,0
1659640449,1
1356389399,1
1306826318,1
1649495839,1
1861525750,1
1770542151,1
1598806895,1
1356460885,1
1730418856,1
1861441305,1
1770673378,1
1912146994,1
1700808391,0
1336223668,0
1215979521,1
1689874067,1
1346278090,1
1982753653,1
1346340098,1
1952493678,1
1427097534,1
1790987600,1
1417105081,1
1508031618,1
1508816075,1
1235159690,1
1366694564,1
1710155155,0
1629183223,0
1063634277,0
1295779338,1
1649394255,1
1295768588,1
1851421341,1
1962448464,0
1376679662,1
1164780839,1
1891055315,1
1548322068,0
1194983908,1
1467509125,1
1366470684,1
1386626331,1
1780795955,1
1073870564,1
1669460432,0
1477617819,1
1073725438,1
1982800207,0
1609122969,1
1023228681,0
1649539024,1
1720255144,0
1518212414,1
1205816642,1
1457393902,1
1730416942,1
1376799049,1
1548278930,1
1437313814,1
1265759039,1
1417323528,0
1609102078,0
1972626273,1
1750318770,1
1427453117,1
1326105032,1
1417989476,1
1881805554,1
1902287188,1
1235135138,0
1366606733,1
1750855169,1
1033301106,1
1538210117,1
1295776094,1
1316028319,1
1568474146,0
1902143670,0
1003049693,1
1245270776,1
1255592085,1
1013115914,0
1356602999,1
1235459611,1
1477559037,1
1689618829,1
1821031238,1
1255349866,0
1295815710,1
1265882443,1
1235386640,0
1780672543,1
1780647271,1
1891863445,1
1487730305,0
1639109986,1
1164694105,1
1053498717,1
1699960690,0
1033267729,1
1760423313,1
1659342897,1
1679631238,1
1881613362,1
1255381232,1
1053360966,1
1972536795,0
1356587182,1
1649304700,1
1689892531,1
1578503355,1
1275746554,1
1316933377,1
1740456607,1
1316979453,1
1841246105,1
1568825081,1
1104825421,1
1841248127,1
1487629796,1
1487629796,0
1689726465,1
1588714679,1
1932243110,1
1265410591,0
1427259738,1
1134400369,1
1316230659,1
1306136650,0
1639124639,1
1598097529,1
1801901814,0
1801901814,1
1376672188,1
1063851285,1
1154502623,1
1972697738,1
1053450346,1
1902928625,1
1043217052,0
1003980426,1
1487605515,1
1083831358,1
1083668172,1
1275638520,1
1215096896,0
1871606244,0
1104870302,1
1154396315,1
1154396315,1
1427070739,1
1720382492,1
1487723524,1
1801179726,1
1306923594,0
1457367351,1
1174694863,0
1174694863,1
1013012350,1
1902916984,1
1508974759,1
1326218959,1
1942409768,1
1215931795,1
1144503418,1
1700091097,1
1992704670,0
1659399129,0
1659399129,1
1124103833,1
1841554037,1
1528034378,1
1437174125,1
1598110710,0
1427108380,1
1255481917,1
1003972670,1
1972839447,0
1144294257,1
1326024688,0
1083667455,1
1861766800,1
1558604819,1
1164451068,1
1588955793,1
1689645632,1
1497060263,1
1487728036,1
1417036716,1
1659410876,1
1306067996,1
1073588588,1
1730109570,1
1487782504,1
1659473742,1
1548488166,0
1598881146,0
1831220003,1
1881660959,1
1063721124,1
1902299001,0
1669422028,1
1497820047,1
1609853316,0
1083748149,1
1831231778,1
1245350594,1
1962443762,1
1063589703,1
1629407838,0
1124058086,1
1306062575,0
1225123466,1
1326012972,1
1851338248,1
1417060120,1
1992836621,0
1730382466,0
1003000407,1
1831278118,1
1508819426,1
1013078419,1
1558616680,1
1790101780,1
1396744892,1
1306185590,1
1992701544,1
1942323118,1
1760583900,1
1033127931,1
1932298205,1
1073646840,1
1245450683,1
1235138413,1
1730107558,0
1730107558,1
1396003166,1
1366527749,0
1134100738,0
1881654705,0
1447357421,1
1821113531,1
1053590265,1
1861582660,1
1760667646,1
1922241058,1
1346429255,0
1508904798,0
1508904798,1
1558549378,1
1851567168,0
1093845208,0
1285784066,1
1164443958,1
1629136320,1
1659341543,1
1053354787,1
1942288006,1
1942288006,1
1740296896,1
1902829112,1
1528084043,1
1912052200,1
1457305328,1
1275588485,1
1124102058,1
1972779247,1
1356341911,1
1053479998,1
1700986890,1
1548310899,1
1669782579,1
1114027455,1
1053348771,0
1568694982,1
1992073167,0
1770537052,1
1336682921,1
1356667398,1
1417014911,1
1932177383,0
1831226620,1
1730313982,1
1346251105,0
1821122243,1
1245377357,1
1811218571,1
1861452856,1
1124089016,1
1801999719,0
1740574896,1
1750409629,1
1417276874,1
1275765661,0
1780615252,1
1316067333,1
1144202805,1
1750488292,1
1356427298,0
1205172475,1
1124201868,0
1639177645,1
1366564080,1
1982727947,1
1720150691,1
1750659637,1
1003184888,1
1932173655,1
1417967647,1
1972533313,1
1831325463,1
1508005646,1
1619181633,1
1366773244,1
1205940665,1
1700983038,1
1891931101,1
1144369083,1
1679919161,1
1013121920,1
1871577213,1
1841594595,1
1396961090,1
1578647038,1
1578647038,1
1659411494,1
1821006396,1
1992162390,1
1295731479,0
1295932143,1
1639299738,1
1295017945,0
1083784748,1
1821098054,0
1326093709,1
1275742454,1
1346286762,1
1053640896,1
1578617676,1
1508207325,0
1245231406,1
1356342026,1
1609933100,1
1407935919,0
1326071499,1
1184662561,0
1982897617,1
1427202050,1
1902188527,1
1669757530,0
1477794527,1
1306960521,0
1316997521,0
1578795597,1
1831440122,0
1376528182,0
1740488709,1
1902833981,1
1902868409,1
1992784698,1
1780842815,1
1578616447,1
1851473334,1
1376737809,1
1750692901,0
1164511960,1
1346385424,1
1376643296,0
1831203975,1
1699748228,1
1942420039,1
1104044478,1
1285811711,1
1982865226,0
1801974613,1
1801821921,0
1548286685,1
1346468493,1
1710019955,1
1174693949,0
1609093814,1
1336484898,1
1982604344,1
1922266626,1
1053357376,1
1154748655,1
1487994836,1
1134472707,1
1003807629,1
1063568475,1
1912208000,1
1629204573,1
1124109780,1
1104008465,1
1700030293,1
1215151105,1
1427095363,1
1023083276,1
1174847115,1
1295767671,1
1164474797,1
1871716290,1
1275680712,1
1902895543,1
1013018977,1
1578607891,1
1548390214,1
1336457571,1
1124228168,1
1144229956,1
1861829509,1
1659555621,1
1801055546,1
1366702003,1
1356430557,1
1356430557,1
1447292297,1
1184892317,1
1467597088,1
1164568325,1
1629140447,1
1548495567,0
1174506711,1
1790908713,1
1942503040,1
1952340473,1
1336186600,1
1235495367,0
1124494075,1
1124016480,1
1639211923,1
1003160805,1
1447451919,1
1407934482,1
1003892746,0
1154694057,1
1871676254,1
1083797112,1
1255374724,1
1548495476,1
1174743603,1
1861431892,1
1033274964,1
1962516443,1
1134464001,1
1578727277,1
1508841420,1
1528044179,1
1750309944,1
1295020410,1
1275802688,0
1588788517,0
1649415118,1
1043478498,1
1063997039,1
1255345492,1
1144521071,1
1922232297,1
1134119613,1
1316993553,1
1770579401,1
1255317814,0
1538130810,1
1639511579,1
1487772760,1
1932206687,1
1710101688,1
1710101688,1
1033122759,1
1467450858,0
1144368911,1
1447280243,1
1881649374,1
1225068224,1
1437582715,1
1689610016,1
1154351500,1
1154351500,1
1982644415,1
1982644415,0
1396863585,1
1053669457,1
1851571640,0
1568499960,1
1568671923,0
1316183833,0
1821106675,1
1679539100,1
1720098577,1
1205955150,0
1316163579,0
1942353974,1
1669557294,1
1720087372,0
1053464917,1
1255357224,0
1265461974,1
1225072028,1
1225072028,0
1225072028,0
1578785531,1
1578785531,1
1841303310,1
1740450253,0
1629125034,1
1205807559,1
1225129349,0
1861424954,0
1689784399,1
1639660319,1
1477746725,1
1073698288,1
1558468173,1
1740288836,1
1316066970,0
1053363796,0
1528361854,1
1750355244,1
1558493569,1
1780620419,0
1801817648,1
1528123502,1
1124192042,1
1316008766,1
1942249883,0
1306830021,0
1609840719,0
1497927636,1
1518929421,1
1619952561,0
1215081773,1
1134394042,1
1093935512,0
1871901553,1
1366482358,1
1366459273,1
1922005339,0
1881678548,1
1366881955,1
1801915566,1
1215047089,1
1578504460,1
1801990916,1
1518923580,0
1164549655,1
1679644140,1
1639310097,1
1134393424,1
1992062988,1
1801909338,1
1801909338,1
1982602686,0
1134181605,1
1740340264,1
1831112077,1
1033217492,1
1013290758,1
1740280957,1
1023177136,1
1124250543,0
1629129986,1
1629085105,1
1003062571,1
1083615207,1
1578637260,1
1861584195,1
1093045429,1
1689650434,0
1386665529,1
1093705030,1
1649361668,1
1902839608,1
1851593255,1
1851319750,0
1285763714,1
1962401810,1
1518156611,1
1689719627,1
1184891582,1
1134158090,1
1205023629,1
1578691531,1
1245337864,1
1356544084,1
1366467300,0
1972859270,0
1144238973,1
1851387765,0
1184051419,1
1790801595,1
1801008792,0
1063507895,1
1811204605,0
1326395625,1
1376638684,1
1063477503,1
1366534000,1
1942417332,0
1407141211,0
1992971428,0
1437122587,1
1134280480,1
1437366176,1
1730456492,1
1427158286,1
1760650741,1
1811904170,1
1699854943,1
1215999578,1
1194734160,1
1073808945,0
1427029925,0
1194756395,1
1255461679,1
1053523241,1
1699761205,1
1245566710,1
1013967561,0
1326155094,0
1821142001,1
1992809644,1
1790049740,1
1447258157,1
1336192269,0
1275897159,1
1588721740,1
1154787471,1
1861797599,1
1578788204,1
1447205588,1
1508110487,1
1558661611,1
1891934394,1
1477504157,0
1548534621,1
1093865842,1
1962526269,1
1437314291,0
1437314291,1
1265575872,1
1194927277,1
1629173307,1
1043514482,1
1902845480,1
1982646089,1
1750348637,1
1457634230,1
1417010497,1
1417134404,1
1184647190,1
1790925857,1
1790826899,1
1760477293,0
1699737916,0
1316107360,0
1386634582,1
1669468047,1
1013063064,0
1942247622,1
1730252289,1
1487998803,1
1215936257,1
1205922036,1
1659430098,1
1710209291,0
1760558548,1
1194887182,1
1215951488,0
1700840394,1
1407985849,1
1124384870,1
1386690626,1
1619958253,1
1639367725,1
1063749349,1
1447460290,1
1255601159,1
1992880801,1
1346524873,1
1336104918,0
1013124791,1
1235568569,1
1295029908,1
1003878711,0
1285791145,1
1588687214,1
1861727182,1
1508150095,1
1992846216,1
1093755993,1
1891932844,0
1558318519,1
1124000427,1
1326350935,1
1851450613,1
1821037094,1
1538187513,1
1477656361,1
1043238421,1
1083001499,1
1942214465,1
1164726840,1
1609927318,1
1902087604,0
1376669127,1
1194789560,1
1558405647,1
1730360702,1
1982635876,1
1609033042,1
1659453173,1
1639164031,1
1811109978,1
1447519004,1
1558619361,1
1972614451,1
1699860684,0
1063689933,1
1770561086,0
1477645836,1
1033206800,1
1740673029,1
1942498027,0
1316256993,1
1235200775,1
1114075827,0
1578014254,1
1891757720,1
1811338684,1
1407075666,1
1326184375,1
1376723494,1
1902090194,1
1891710513,1
1841322104,1
1467493791,0
1104965706,1
1295825487,0
1003870239,1
1861598369,1
1811196488,1
1235145418,1
1790967321,1
1811966468,1
1992185102,1
1689727901,1
1861558314,0
1144358292,1
1316152424,0
1346238847,1
1477699692,0
1528431863,1
1124170899,1
1831276880,1
1447320999,1
1396126975,0
1659320281,1
1306894118,1
1831149087,1
1568537355,1
1255404471,0
1154498277,0
1184786196,1
1932312691,1
1881923134,1
1457343014,1
1144220062,1
1336363761,1
1265488084,1
1265488084,1
1902881279,1
1760655468,1
1538186127,1
1174953764,1
1174603930,1
1750591566,1
1851709224,1
1710393533,1
1235343310,1
1508055112,1
1295773869,1
1558488783,1
1891807194,1
1174764583,1
1912947102,1
1700930823,1
1962693275,1
1265677603,1
1285669150,1
1790814903,1
1063452167,1
1073059853,1
1811092216,1
1881857399,1
1942283783,1
1336106848,1
1972503035,0
1013957182,1
1942398979,0
1760659460,1
1902891203,1
1528284502,1
1427056076,0
1376578039,1
1679771406,1
1407972680,1
1720023005,1
1013094101,1
1013230622,1
1144214578,0
1639136294,1
1326380916,1
1386703205,1
1245598234,1
1649381997,1
1780651984,1
1194949735,1
1114018900,1
1790764207,1
1972560449,1
1154514156,1
1306070693,1
1013074012,1
1487874608,1
1013097708,1
1124264148,1
1063526580,1
1063417368,1
1255381307,1
1780999847,1
1619312253,1
1811299126,1
1700054459,1
1629022140,1
1639122930,1
1912020157,1
1902147432,1
1295750446,1
1467696179,1
1578670105,1
1346237096,0
1023139094,1
1841207255,0
1023042181,0
1205806163,1
1699707950,1
1245404334,1
1427222058,0
1356366694,1
1194025759,1
1104992007,0
1801005053,1
1124447248,1
1699983163,1
1437214376,1
1780927053,1
1578779336,1
1194070516,1
1124375381,1
1689721128,1
1679091193,1
1578586657,1
1912939760,0
1497047435,0
1821287475,1
1831122662,0
1205877222,1
1073732483,1
1396833380,1
1174571103,1
1477687838,1
1497975551,1
1023125879,0
1376545772,1
1295731826,1
1083726921,1
1013009729,1
1669663100,1
1346308434,1
1457543266,1
1316070030,0
1053565432,1
1659340842,1
1174540801,0
1518039783,1
1518039783,1
1669466249,1
1578586772,0
1518102250,1
1801845615,1
1336246487,1
1285608521,1
1013087741,0
1518908193,0
1427273176,1
1033348511,1
1639395619,1
1841384468,1
1376851394,1
1063587715,1
1386719037,1
1083623847,1
1386670461,1
1679793772,1
1518961457,0
1043290018,1
1881622090,1
1407835473,1
1982654158,1
1760601330,1
1689794042,1
1023042512,1
1295058014,1
1306249826,1
1386711174,1
1568553568,1
1265570923,1
1891782553,1
1376724229,1
1093034860,1
1265677710,1
1831264431,1
1245350354,0
1801999800,1
1053344036,1
1831121979,1
1053393405,1
1205850385,0
1811468267,1
1669690988,1
1902838790,1
1821284191,1
1760541312,1
1063482198,1
1306930672,1
1679853659,1
1013264662,1
1205972882,1
1427120583,0
1699944744,0
1649415357,1
1811108368,1
1144385196,1
1356438485,1
1871683847,1
1841568979,0
1316079924,1
1427158377,1
1427158377,1
1467644948,1
1043407380,1
1326274648,1
1073672077,1
1871904664,1
1659703734,0
1669758959,1
1851447304,0
1043326663,0
1174749444,0
1316130198,1
1508952029,1
1609908193,1
1013072776,1
1730226846,0
1154471621,0
1679542914,1
1801937545,1
1609815307,1
1609815307,0
1598060014,1
1922325364,1
1407863715,1
1679910749,1
1497779649,1
1093766636,1
1932244753,1
1003882663,1
1861594889,1
1275534935,0
1942345129,1
1043281066,1
1427006246,1
1336260157,1
1306868245,1
1245264415,1
1073589420,0
1306919162,1
1487735981,1
1740523307,1
1255407482,1
1992884936,1
1154363109,1
1700925203,1
1285725051,1
1588870117,1
1427376672,1
1992764344,0
1760544886,1
1902815087,1
1194891887,1
1992829923,1
1942525894,1
1609979749,1
1962461640,1
1386813988,1
1528142718,1
1639231855,1
1558775338,1
1841411410,0
1457411670,1
1427179282,1
1376692202,1
1144330556,1
1073843801,1
1437295896,0
1932116688,1
1932293115,1
1881658219,1
1780778944,1
1164475638,1
1558824177,1
1679674519,0
1366564122,1
1184961195,1
1437563327,1
1245217884,1
1740430875,1
1104048198,1
1649393869,1
1396740320,1
1609995307,1
1841393386,1
1790975290,1
1386957710,1
1679572473,1
1831251248,1
1700813011,0
1891869566,1
1235390212,1
1639169972,1
1255536694,1
1932347358,0
1548258551,1
1942648050,1
1780903393,1
1104948785,1
1124182043,1
1164510939,1
1740250661,1
1548367618,0
1710192885,0
1134246580,1
1518172212,1
1902970825,1
1538305024,1
1952395881,1
1528082740,1
1104924216,1
1528158599,0
1356302475,1
1831309343,0
1669403457,1
1659333706,1
1164751210,1
1598009961,1
1942412309,0
1104891498,0
1962443739,1
1386737153,1
1891965190,1
1760491849,0
1457332983,0
1629475934,0
1548328800,0
1003918939,1
1184644080,1
1801121058,0
1306048111,1
1497878656,1
1174596126,1
1508887530,1
1508887530,0
1477703494,0
1376755462,1
1407803091,1
1740205137,1
1518927615,1
1730297441,1
1437371218,1
1700956513,1
1851561963,0
1780625384,1
1720072598,0
1558421602,1
1467429258,1
1780708594,1
1497737266,1
1265401632,1
1306834213,1
1902906092,1
1902906092,1
1629321625,1
1417033721,1
1821030560,0
1376629717,1
1124244850,1
1568410496,0
1245205269,1
1205991569,1
1568640316,1
1366655763,1
1811209299,1
1255431888,1
1497002604,1
1366450280,1
1770534745,0
1770534745,1
1649439100,1
1144218645,0
1649450693,1
1639559560,1
1346345071,0
1477885879,1
1184859902,1
1154442275,1
1316996762,1
1942549076,1
1295979227,0
1922161025,1
1649455684,0
1255375390,1
1558364166,1
1558343103,0
1922188259,1
1770575821,1
1316153950,1
1437281722,1
1740491554,1
1326094889,1
1083767255,1
1376513184,1
1891772786,1
1568511236,0
1285663682,0
1174550602,1
1700047768,1
1508967613,1
1821106980,1
1659324747,1
1639155484,1
1740372358,0
1780898577,1
1982986311,0
1588616726,0
1093089476,1
1043375207,1
1720299092,1
1831355148,0
1265529911,0
1225020837,1
1912191156,1
1013185156,1
1922048156,1
1922048156,0
1467480236,1
1508174830,1
1982779799,1
1801022900,1
1346241247,0
1225219876,1
1881627222,0
1477824530,1
1003136961,1
1447371356,1
1598084113,1
1558519843,1
1063717155,0
1598925133,1
1376754697,1
1972680890,1
1649648999,1
1831142991,1
1356350086,1
1164659249,1
1609041607,1
1811268014,1
1154438125,1
1376974824,0
1497980429,1
1821480088,1
1639284060,0
1417931213,1
1447337639,1
1447309257,1
1013992791,0
1952403925,1
1932383544,0
1497901706,1
1609993351,1
1932311735,1
1396872883,1
1255478269,0
1679795181,1
1235342346,1
1366702623,1
1124259817,0
1740423102,0
1801823851,1
1891987673,1
1508893959,1
1053566489,1
1508193392,1
1275502882,1
1053460865,1
1831307453,1
1205072832,1
1114130119,1
1366637100,1
1316005036,1
1871852699,0
1760585707,0
1215973011,1
1790726735,1
1316117641,1
1972790459,1
1043371453,1
1598994600,1
1205832227,1
1841687225,1
1366421257,1
1952308900,0
1861421257,1
1932192960,1
1114258233,1
1790810265,1
1376694794,1
1598713430,1
1508045071,0
1023211620,0
1285712950,1
1205885001,1
1598744807,0
1851618458,1
1730279282,1
1598916447,1
1891868881,1
1669414793,1
1891978771,1
1932495025,1
1376620856,1
1437209988,1
1619343514,1
1508069410,1
1508069410,1
1790719508,0
1053734400,1
1891948030,0
1730578832,1
1528169539,1
1194065334,1
1811960974,0
1548295231,0
1699741041,0
1386631794,1
1396878922,1
1215941349,1
1134228794,0
1154362937,1
1427053388,1
1841312394,1
1942356183,1
1356323059,0
1194783449,1
1710022686,1
1932225547,1
1235308172,1
1487760617,1
1689641458,1
1942261722,1
1306970793,1
1477524270,0
1760683478,1
1326488990,1
1831394923,1
1376697995,1
1013021047,0
1790998284,1
1568592251,1
1316939945,0
1578666350,1
1477859403,1
1902100522,1
1982885075,1
1306919956,1
1275574451,1
1154363786,1
1306915368,1
1053599621,1
1316944176,1
1699077925,1
1053411421,0
1053411421,1
1174625537,0
1306898291,1
1336338359,1
1437257086,1
1942395322,1
1750407342,1
1114972262,1
1114972262,1
1457427874,1
1245279645,0
1528111341,1
1457551129,1
1790785277,0
1720170921,0
1306239025,1
1033440300,1
1073511192,1
1457356768,0
1578871448,1
1124296298,1
1356565295,0
1336277078,0
1154734341,1
1366514432,1
1699806760,1
1770709651,1
1518958040,1
1255438990,1
1962481739,1
1346281813,0
1558466359,1
1326108788,0
1275590499,1
1043348220,0
1689857609,1
1578512935,1
1861480006,1
1053417345,1
1811095961,1
1063420529,1
1124385729,1
1225139496,1
1003816984,0
1871730325,1
1740602457,1
1649432683,1
1043613151,1
1053468116,1
1437110319,0
1720249386,1
1427060375,1
1770674335,0
1689756827,0
1053578617,1
1891719621,1
1649681883,1
1972543247,1
1558570598,1
1073690715,1
1225022627,0
1518922616,1
1285767251,0
1144254012,1
1508837097,1
1093851164,1
1336132786,1
1235235243,0
1265551451,1
1649360819,1
1922022623,1
1669582466,1
1508938440,1
1487932174,1
1609808005,1
1386656221,1
1023050762,1
1881634954,1
1447428917,1
1215357835,0
1639296569,0
1396067229,1
1366591554,0
1275649048,0
1699709873,1
1609086610,1
1043493588,1
1992777296,0
1235247313,1
1891830667,1
1669702866,1
1780795153,1
1003809195,1
1699776930,1
1336247121,0
1184683120,1
1225188766,1
1699031609,1
1629379391,1
1386731891,1
1376537977,1
1942509757,1
1396066866,0
1952414799,1
1558377291,1
1245556497,1
1306895578,1
1801035084,1
1598896086,1
1538117213,1
1619034857,1
1114032414,1
1891879136,1
1700053022,1
1003066291,1
1891748547,1
1386631869,1
1750320412,0
1912994716,0
1093922460,1
1669916375,1
1841393097,1
1023480993,1
1962594895,1
1437132362,1
1134664550,1
1730161902,1
1851515217,0
1194869727,0
1912049388,1
1932243011,1
1205840451,1
1588685895,1
1598801052,1
1982661385,1
1811443815,1
1841354008,1
1245457027,1
1356478895,0
1053499673,0
1972691418,1
1811250517,1
1033414982,1
1538242169,1
1871586933,0
1992768477,1
1316055577,1
1811928559,1
1083763312,1
1700801610,1
1770574493,1
1386183572,1
1003042441,1
1295883957,1
1548342025,0
1114058765,1
1437170602,1
1720196140,1
1922165083,1
1043420474,1
1730117003,1
1316016066,1
1124202247,1
1528086618,0
1356354252,0
1437198355,0
1255438859,1
1912067356,1
1154351898,0
1093962672,1
1952578098,1
1245494236,0
1790740686,0
1831439298,1
1770511990,1
1588603021,1
1114336369,1
1134373509,1
1922015619,1
1003962309,1
1629169958,1
1548489156,1
1790156693,1
1871597310,0
1023100526,1
1710205273,1
1891900619,0
1821085531,1
1356468714,1
1942656392,1
1457483364,1
1093854242,1
1972650653,1
1033382551,1
1942427703,1
1548562366,1
1568677524,1
1003016742,1
1306970538,1
1366770364,1
1528241445,1
1184644122,1
1114215324,1
1801836226,1
1083932495,1
1184623951,1
1164849469,1
1285646489,1
1386609907,1
1386609907,0
1518046226,1
1275630097,0
1528390259,1
1053656934,1
1235343138,1
1669454146,0
1639144215,0
1437359072,1
1427194133,1
1841268703,1
1093755134,1
1689693541,1
1720200165,1
1437260783,1
1063634087,1
1306905716,0
1093800609,1
1588694343,1
1992978571,1
1992978571,0
1124277900,0
1619041555,1
1679728992,1
1841305497,1
1801885306,1
1255548400,1
1306973581,1
1932110673,1
1518257724,1
1649511999,0
1295165355,1
1982718060,1
1851539225,1
1548787724,1
1548787724,1
1366848178,0
1760786198,0
1689766933,0
1649590753,0
1548365737,0
1972558575,1
1922138452,1
1578669859,1
1972720829,1
1174641450,1
1841455979,0
1871736405,1
1356334973,1
1861428922,0
1104028216,0
1477507739,0
1124216833,1
1639322498,1
1689779944,1
1548250129,1
1467860403,1
1851712483,1
1245271105,1
1760408041,1
1902093727,1
1740344282,1
1588604888,1
1821517798,1
1124065263,1
1629165659,1
1386747657,1
1407092638,1
1578567509,0
1578616009,0
1912110636,1
1417989864,1
1881621506,0
1114106689,1
1689856338,1
1205963733,1
1326437955,0
1710250030,0
1730495664,1
1174665350,0
1275999815,1
1134243173,1
1174750020,1
1346220985,1
1639357577,1
1609015015,0
1457798720,1
1417102666,1
1881936995,0
1184803728,1
1184937799,1
1396850517,1
1013129493,1
1356654784,1
1326187626,1
1801069497,1
1588612600,1
1871850909,1
1376598730,1
1174527642,1
1245201482,0
1467530188,1
1124170709,1
1245298371,1
1033274550,1
1023366945,1
1053443705,0
1396839064,1
1861504425,1
1366505141,0
1538200308,1
1164492575,1
1366703951,1
1528093184,1
1982607370,0
1912985458,1
1588795561,1
1841371515,1
1578605614,1
1730282195,0
1427086818,1
1144286915,1
1184710691,0
1114973955,1
1114973955,0
1649372236,0
1659318681,1
1770686354,1
1588663488,0
1417938663,0
1285743161,1
1366547382,0
1275733784,1
1780708487,0
1952455941,1
1164414769,1
1003027665,0
1255867891,1
1952505760,0
1255309175,1
1225256423,1
1952470924,1
1689653412,1
1144337031,1
1164459350,1
1962776104,1
1356538169,1
1205010378,1
1851566012,0
1679646475,1
1689972093,0
1548286156,1
1487713228,1
1710133459,0
1477547677,1
1548444789,1
1487673158,1
1386736031,0
1295061414,1
1588786149,0
1225361553,1
1104028893,0
1063666170,1
1922357748,1
1609861590,1
1144338088,1
1316076821,0
1255307856,1
1245560846,1
1033280607,1
1912150368,0
1093892119,1
1760887566,1
1467443432,1
1841359759,1
1649401548,1
1225020381,1
1558379172,1
1972596807,1
1336352046,1
1346438140,0
1124186465,1
1437549722,1
1740586122,1
1528178977,0
1902007172,1
1003867383,1
1881772861,1
1508863531,1
1700298171,1
1548301716,0
1952568412,1
1710271804,0
1184641714,0
1427057702,0
1215003710,1
1073554168,1
1285673012,1
1124254172,1
1083973424,1
1427081223,0
1639254337,1
1902970270,0
1942381439,0
1356843536,1
1982881587,1
1679552574,1
1417096942,1
1932471943,1
1225271810,0
1235315318,1
1366552887,1
1851329429,1
1477821007,1
1881886802,1
1235277104,1
1376727644,1
1831119684,0
1962511915,1
1528088325,1
1013009000,1
1467817809,1
1982716965,1
1578544177,1
1801847413,0
1699766451,0
1013297258,1
1659704955,1
1275604027,1
1457696908,0
1235162223,1
1982679544,1
1689865917,1
1407071970,1
1235118373,1
1598913592,0
1750565362,1
1720161839,1
1932108701,1
1659382133,0
1366874091,1
1073717690,1
1386797348,1
1669418794,1
1275740706,1
1114068236,1
1184659849,0
1629025937,1
1417904491,1
1134391790,1
1548547870,0
1710927496,1
1306005061,1
1740673409,1
1811372899,1
1740209105,1
1972616761,1
1720025943,1
1215917042,1
1639380470,1
1407144017,1
1306113105,1
1184709073,1
1619973971,1
1023251873,1
1245285428,0
1750319604,1
1235438169,1
1386649507,1
1649287434,1
1649287434,1
1902216302,1
1013286178,1
1851451819,1
1659369320,1
1619056124,1
1871599530,0
1194774489,1
1295818052,0
1174782460,1
1659495216,1
1760480495,1
1609979699,1
1407197528,1
1871559864,0
1316141971,1
1003885344,0
1104941137,1
1942670666,1
1467526855,1
1063547768,1
1790931566,1
1093877144,0
1962578922,0
1962441618,1
1659471035,1
1255463576,1
1245370006,1
1215134408,1
1497976096,1
1144511700,1
1679542781,1
1578826434,1
1962534909,1
1881716348,0
1700967874,1
1801117049,1
1467435487,1
1326071564,1
1821115932,1
1780878637,1
1952541674,1
1427317734,1
1700152055,1
1982609723,1
1265867337,1
1225240641,1
1437328390,1
1952598906,0
1518176601,0
1770616278,1
1346239084,1
1366749038,1
1912112830,0
1689986945,1
1275590846,1
1679696900,0
1730137340,1
1679569107,1
1033295332,1
1972592947,1
1972592947,0
1710179601,1
1184684045,1
1144403189,0
1245317874,1
1710188347,1
1891781852,0
1730492976,0
1366620833,1
1982618138,1
1306926712,1
1699705400,1
1376550442,1
1962626838,0
1316023799,1
1689774010,1
1801838651,1
1871514976,1
1689706715,0
1144212978,1
1326536723,1
1033206966,0
1386636181,0
1912011594,1
1912011594,0
1992763510,1
1346579034,1
1083627897,1
1902966955,1
1982637856,1
1902818743,0
1457380040,1
1487669180,1
1568669950,1
1023413382,1
1316303563,0
1225011612,1
1508074659,0
1952565137,1
1497942080,1
1003284472,1
1275721144,1
1043226905,1
1275695975,0
1912013137,1
1154753705,1
1376723015,1
1245294503,1
1295940211,1
1063588218,1
1356333645,0
1356382063,1
1124148440,1
1790905974,1
1689807208,1
1376500405,0
1356324909,1
1063575561,1
1245672195,1
1003065491,1
1104943760,1
1649331646,1
1891868501,1
1891868501,0
1639274434,0
1740380997,1
1598810723,1
1093927576,1
1417079666,0
1205824117,1
1245237924,1
1346202140,1
1780737957,1
1477724821,1
1912034075,1
1356351449,1
1275513590,1
1679504377,0
1043590250,0
1013091826,0
1255452454,1
1811026339,0
1811026339,0
1982771697,0
1861669731,1
1093969412,1
1013016401,1
1306815568,1
1316151988,0
1629181490,1
1255579678,1
1588641203,1
1174715437,1
1982834644,1
1770593030,1
1982947248,1
1306904651,1
1942428289,1
1821318783,1
1265443568,1
1568428449,1
1831451947,1
1710246582,1
1013265875,1
1528134715,1
1164636932,1
1831240696,1
1922005321,1
1568569010,1
1801242813,1
1780707000,1
1922029834,1
1558641944,1
1083756639,1
1518901644,0
1407183197,1
1477717163,1
1548486947,0
1679620876,1
1023266830,1
1003999376,1
1649452731,1
1821232596,1
1083818181,1
1518284413,0
1801807631,1
1619218328,1
1992191597,1
1750578043,0
1437333259,1
1457599714,1
1316112725,1
1174839047,1
1841443496,1
1295774487,0
1225291131,1
1104881614,1
1700975000,0
1417261843,1
1881736346,1
1881736346,1
1538136353,1
1578781290,1
1679519334,1
1598834194,0
1710065958,1
1821138371,0
1649241431,1
1982603890,1
1619910445,0
1801084041,1
1568458198,1
1609001254,0
1336426402,1
1194044925,1
1285958710,1
1326075524,0
1033136544,1
1073645545,1
1841559556,1
1346442514,1
1962556126,0
1821125196,1
1699152736,1
1104082122,1
1225489503,1
1689617482,1
1356395701,1
1316203698,0
1033327200,1
1801924741,1
1790788750,1
1114009172,1
1316984750,1
1932265121,1
1013131390,1
1811234453,1
1154562833,1
1619915790,1
1760675623,1
1093885600,1
1487813887,0
1407837487,1
1205954955,1
1255445359,1
1871596437,1
1497800791,1
1366507055,1
1306852041,1
1366450660,0
1225146640,0
1326151507,1
1013059740,0
1013059740,1
1164646477,1
1356491476,1
1215020060,1
1396772414,1
1831284470,1
1962589184,1
1083612493,1
1649401753,1
1679546972,1
1568476968,1
1962504753,1
1972694677,1
1134293509,1
1871584656,0
1659581791,1
1306875604,0
1194250688,1
1174671317,0
1013122316,0
1649478033,1
1346431020,1
1952365777,1
1013054824,1
1003850603,1
1669513701,0
1083615223,1
1730380593,1
1942525761,1
1831447184,1
1518912682,1
1932147410,1
1841563640,1
1013090315,0
1598975666,1
1447476874,1
1598908709,0
1952387425,1
1598038341,0
1801003132,1
1497743090,1
1740404581,1
1558420422,1
1982647343,1
1225145196,1
1912200932,0
1992798086,0
1285676734,1
1235310640,1
1710178363,1
1659682482,1
1942477500,1
1568653905,1
1497934566,1
1588842132,1
1518011451,1
1497753149,1
1366765323,1
1295788644,1
1063488591,1
1093784076,0
1093784076,1
1801846712,1
1558330563,1
1013975549,1
1962555193,1
1184736100,0
1144417395,1
1669478871,1
1700070976,1
1013067131,1
1336230259,1
1205913761,1
1164841896,0
1205829231,1
1295056539,1
1689728958,1
1093239816,1
1134282155,1
1578523106,1
1487766077,1
1720263957,1
1134226749,1
1780719690,1
1710024880,1
1639202351,1
1477679702,1
1932162369,1
1053474023,1
1043312168,0
1396825147,1
1306899281,1
1225063407,0
1801080239,1
1417396680,0
1437257854,0
1437217601,1
1902825441,1
1093906174,1
1871658310,0
1285702829,0
1285702829,1
1477813137,1
1891891172,1
1962507350,0
1073845749,1
1578679221,1
1225074859,1
1033105028,0
1740473933,1
1699928846,1
1134106511,1
1497732994,1
1114158722,0
1033230446,1
1285797340,1
1902025810,0
1902866619,1
1548325400,1
1871803668,1
1659691459,1
1164628822,0
1942291752,1
1255595161,1
1013286277,1
1154471035,0
1811213481,1
1073548525,1
1114922606,1
1063562635,1
1295067346,1
1588814107,0
1639258445,1
1417252784,1
1700832052,0
1700875986,1
1841285467,1
1114036100,1
1649442203,1
1225153299,0
1376548552,1
1386773331,1
1386773331,0
1881990109,1
1699077958,1
1174706295,1
1619995552,1
1285644625,1
1629312772,1
1699793414,1
1154433647,1
1265425896,0
1861447708,1
1801080247,0
1801080247,0
1710050125,1
1659390557,0
1346421872,1
1134280779,0
1477669174,1
1992871354,0
1689700064,1
1659318137,1
1417942376,0
1013347384,1
1609945294,1
1609945294,0
1043410582,1
1275556268,1
1033390976,1
1801299417,0
1922234459,0
1699801316,0
1992913073,1
1649506643,0
1588691554,1
1649389446,1
1285624874,1
1649389446,0
1104849264,1
1881678142,0
1922150424,1
1811132285,1
1598812851,1
1932260064,0
1922103258,1
1396179974,1
1366952467,1
1629150495,1
1508827395,1
1649446014,1
1891912317,1
1881900967,1
1598705667,0
1285811513,1
1023145232,1
1124154810,1
1124391669,1
1932397536,1
1487662631,0
1104861160,1
1952390940,1
1225111933,1
1689649212,1
1588903025,0
1790782175,1
1376603167,0
1982626180,1
1366649386,1
1023243052,1
1326159914,1
1871833434,1
1366468050,1
1902099203,1
1659399897,0
1861777203,1
1235107988,1
1437443215,1
1457387797,1
1669538492,0
1982639290,1
1669461505,1
1033186697,0
1033186697,0
1932491057,1
1043424070,1
1700822921,1
1881700581,1
1962592279,1
1104079383,1
1821184862,1
1932291721,1
1811966591,1
1396044384,0
1194830810,1
1922463272,1
1548462674,1
1760573521,1
1548386659,1
1023208675,1
1770609257,1
1780907980,1
1992744304,0
1780732412,1
1821085119,1
1215250709,1
1114932084,1
1477691145,1
1609909274,1
1619000247,0
1700199072,1
1306867742,1
1568695047,0
1134270903,1
1245227891,1
1699964593,0
1699964593,1
1366755654,1
1588890727,1
1124165543,0
1588656797,1
1336187814,1
1003927955,1
1649590027,1
1336248723,1
1669681508,1
1639367972,0
1336584366,1
1891895462,1
1770663882,1
1356411755,1
1194789214,0
1154609519,1
1649373291,1
1184652760,1
1669572368,1
1124080163,1
1083789523,1
1093706517,0
1144472416,1
1477596690,1
1306279328,0
1417970195,1
1033123948,0
1780669929,0
1982913216,1
1619211257,1
1780666198,1
1831336080,1
1104860253,1
1871552208,1
1558398115,1
1255433116,1
1245282532,1
1215147582,1
1609902717,1
1659422491,0
1922196922,1
1346410297,1
1477803260,1
1295056661,1
1477576908,1
1295804029,1
1295804029,1
1144483967,0
1104875723,1
1043219405,0
1437467461,0
1215145552,1
1386758134,1
1740240779,1
1558479147,1
1053303792,1
1043219454,0
1588848097,1
1548274335,1
1265531388,1
1891713848,1
1356691539,1
1508927187,1
1659609246,1
1174556138,1
1144323569,1
1194957761,0
1366623738,1
1689013252,1
1285073163,1
1376773747,1
1225148562,1
1427271485,1
1316999717,1
1427136043,1
1821010240,1
1134173735,1
1750536561,1
1295091122,1
1538237482,1
1184821290,1
1427285246,1
1568519536,1
1134539968,1
1902857865,0
1689653925,0
1285009597,1
1982706941,1
1245214253,1
1437378502,0
1013085224,1
1730264854,1
1225126717,0
1396989646,0
1689785420,1
1366755308,1
1508814344,0
1134102007,1
1376965525,1
1558312884,1
1710960554,1
1689837452,1
1235133794,1
1386626968,1
1093716193,1
1821260985,1
1679663009,1
1114022936,1
1720036684,1
1003886979,1
1376522961,1
1639375454,1
1699828012,1
1043311145,1
1801983085,1
1063436517,1
1407929698,1
1639196108,0
1891914370,1
1487696548,1
1275737116,1
1346584067,1
1679695910,1
1376956839,1
1215099585,1
1790881605,0
1790881605,1
1205181070,1
1730291261,1
1679603864,0
1255439725,1
1154337129,1
1417273251,1
1891905584,1
1346205655,1
1093776999,1
1740489392,0
1285772947,1
1003999178,1
1417959503,1
1912963174,1
1316911431,1
1932382975,0
1881746501,0
1407932890,1
1639149008,1
1356563274,1
1215288063,1
1518014638,1
1245252469,0
1871741942,1
1730409707,1
1134113970,1
1538312541,1
1871673970,1
1699976944,1
1346352895,1
1992822332,0
1831473321,1
1326058157,0
1558760405,0
1154316792,1
1356468870,1
1043379530,1
1265608053,1
1285831917,1
1598701633,1
1700877149,1
1871521476,1
1992796015,1
1124053905,0
1245266105,1
1548391618,1
1548391618,0
1629254875,1
1588624670,0
1447390539,1
1447390539,1
1437152196,1
1801846597,0
1013253129,1
1003011644,1
1659425387,0
1629009014,0
1770587651,1
1821093477,1
1972565448,1
1134427842,1
1215974886,1
1396020798,1
1295062834,1
1124398615,1
1083712822,0
1740462241,1
1427385004,0
1578567137,0
1285093401,1
1760557318,1
1902008014,0
1396941571,1
1063497600,1
1427298785,1
1144388042,1
1679768618,1
1134204647,1
1912230434,1
1174780415,0
1952484248,1
1760484786,0
1962476101,0
1093882474,1
1437374253,1
1376546283,1
1457421695,1
1013998640,0
1427136985,1
1083986830,1
1982712402,0
1952653610,1
1063612489,1
1720256324,1
1811022270,0
1306873955,1
1851499891,1
1922048271,1
1326099581,1
1770634404,0
1932541497,1
1699186783,1
1114196326,1
1730257775,1
1316993520,1
1982714796,0
1811967011,1
1861513566,1
1780607978,0
1548300353,1
1942423769,0
1558330837,1
1639444516,1
1427112325,1
1447390067,1
1326044835,0
1811185176,0
1912993460,1
1558342378,1
1912093741,1
1063436681,1
1912139957,1
1720280183,0
1336140177,0
1881926855,1
1134250491,1
1538221718,1
1255503785,1
1346382934,0
1629268115,1
1316959349,1
1871849042,0
1750688271,1
1639191869,1
1639140320,1
1891087201,1
1184691461,1
1558356907,1
1225027725,1
1306939061,1
1336353770,0
1487861472,1
1336655208,1
1366692055,0
1780756940,0
1942406830,0
1578720736,1
1124126800,1
1407062094,1
1225047517,0
1003089343,0
1437100120,1
1295286813,1
1639215577,0
1215045869,1
1972529345,1
1649353780,1
1386607885,1
1528160835,1
1093838278,0
1639175763,1
1568494169,1
1154533131,1
1114931029,1
1447315759,1
1790926566,1
1427034271,1
1841278439,0
1841206307,0
1851374664,1
1235315086,0
1356331342,1
1932287976,0
1700869864,1
1366518458,0
1306883558,1
1437223898,1
1942344395,1
1598718520,1
1477539419,1
1255419958,1
1164635017,1
1285757310,1
1942370085,1
1134234552,1
1568456382,1
1497749089,1
1861607301,1
1013169218,1
1407824121,1
1821037508,1
1154434439,1
1316923824,1
1114074747,1
1518031095,1
1023079274,1
1730260662,1
1184790362,0
1568613164,1
1750596128,1
1083654826,1
1518033091,0
1356425474,1
1780874537,1
1740302157,0
1063607612,1
1649453127,1
1982613253,0
1588798284,1
1386037901,1
1407813488,1
1235152133,1
1174525687,1
1144505132,1
1457329690,1
1578615316,1
1891917969,1
1902863087,1
1669619771,1
1063486090,1
1750374112,1
1861400277,1
1982923728,1
1174531537,1
1578553178,1
1942278098,1
1265434419,1
1447550736,0
1518024405,1
1750472825,0
1720159916,1
1861588717,1
1659510972,1
1659510972,1
1669414397,1
1013074616,1
1376524785,1
1659548071,0
1881646446,0
1881646446,1
1003969031,1
1487725909,1
1386790665,1
1487765467,1
1578715603,1
1134360233,1
1568596088,1
1770784852,1
1427090166,1
1538168190,1
1558478529,1
1013038629,0
1083667562,0
1245377787,0
1659452118,0
1205139904,1
1174529531,1
1841459849,1
1093958811,1
1932195757,1
1801953054,1
1194919936,1
1467663864,1
1003838087,0
1215971270,1
1609019140,1
1063528917,1
1023045010,1
1386966513,1
1396903605,1
1144237744,1
1740211655,0
1386871986,0
1881765345,1
1760549133,1
1366461683,1
1639260193,1
1285756627,0
1770625238,1
1073780664,1
1700040110,1
1629444963,1
1578655478,1
1205153285,1
1003908799,1
1649273343,1
1972523405,1
1144221383,1
1336481365,1
1881785293,1
1922014877,1
1477811628,1
1699746933,1
1184827206,1
1639183676,1
1033307103,1
1023077955,1
1679669345,1
1770830556,1
1144412412,1
1134303423,1
1740316637,0
1225168396,1
1053348714,1
1740218114,1
1265784680,0
1669421152,1
1801813431,0
1821087305,1
1265597793,1
1548339344,1
1174733075,1
1942568191,1
1699716159,1
1821222472,1
1407864879,1
1427220573,1
1851557300,1
1346274966,1
1336233097,1
1558315986,1
1093947392,0
1205854312,1
1477510147,0
1750613121,1
1750650701,1
1275760258,1
1083678643,1
1689965147,1
1629300132,0
1225046915,1
1568443109,1
1962535633,0
1740364512,1
1356372130,1
1285675959,1
1316077019,1
1013041474,1
1457340721,1
1700822350,1
1568489490,1
1154484749,1
1477593390,1
1932122728,1
1972577666,1
1689904278,1
1811184419,1
1306963863,1
1306963863,1
1457336190,0
1417998527,1
1629138466,1
1649207853,0
1699884809,1
1942290598,1
1235282088,1
1235282088,1
1073625000,1
1528343225,1
1295824837,0
1295824837,1
1477808517,1
1548208309,0
1780620872,1
1508089376,1
1558561936,1
1659582195,1
1144277765,0
1538468434,1
1740206358,1
1760593511,1
1396858569,1
1275834152,1
1366472268,1
1992851836,1
1205921749,1
1457303380,1
1154397669,1
1861572802,1
1265561161,1
1316151525,1
1073653366,0
1568474567,1
1487706305,0
1164781803,1
1154842987,1
1932291465,1
1619269214,1
1619269214,1
1891798153,0
1912932815,1
1528052735,0
1962733410,0
1003854159,1
1770562068,0
1669407458,1
1477673218,0
1982011243,1
1588614606,0
1083607741,1
1760493969,1
1497843460,1
1871702613,0
1992071468,0
1730343351,1
1083746069,1
1013964816,1
1861599813,0
1336273150,0
1154490134,1
1366509903,0
1255419545,1
1447237581,1
1396010195,1
1629055769,1
1740587872,1
1134120173,1
1982687174,1
1609849306,1
1114319993,1
1861796237,1
1083687859,1
1750414140,1
1811282098,1
1811282098,1
1003926940,1
1104912278,0
1003061771,1
1275686040,0
1205874484,1
1588767867,1
1265485585,0
1134177355,1
1588671408,1
1902964331,1
1134285059,1
1982637625,0
1770507147,1
1831392265,0
1750316105,1
1265521587,1
1174714687,1
1609838085,1
1649240979,1
1427158484,1
1427158484,0
1821279258,1
1851395115,1
1225026149,1
1063490886,0
1063485217,1
1720060460,1
1760586044,1
1134286958,1
1407889009,1
1083763874,1
1427028638,1
1942362629,1
1982676136,1
1245366152,1
1336107184,0
1376698936,0
1386049237,1
1588878391,1
1184616898,1
1598894032,1
1154442887,0
1164515003,0
1871544288,0
1811321870,1
1295862993,1
1366447260,1
1104287077,1
1942418140,1
1568492122,1
1720155419,1
1538196001,0
1922068733,1
1639293525,1
1790834380,1
1669748463,1
1710909148,1
1952483372,1
1164482980,1
1164482980,0
1770527699,1
1811961709,0
1043592090,1
1760708119,1
1144342148,1
1639481252,1
1982791984,0
1841268026,1
1598850992,0
1649334764,1
1629296264,1
1144399056,1
1598941346,1
1114080165,1
1457478224,1
1508926874,1
1164696126,1
1992825731,1
1306871025,0
1356479349,0
1629133376,1
1174765317,1
1952377384,1
1134279920,1
1386081479,1
1902082498,1
1285658609,0
1215062377,1
1831402965,1
1164630042,1
1326152810,1
1285853895,1
1194893198,1
1194926881,1
1619114998,1
1811270895,1
1699894923,0
1265446777,1
1396867610,1
1912999384,1
1245321272,1
1871528117,1
1194862847,1
1821039348,0
1114942562,1
1104239771,1
1427029479,0
1992916076,1
1811966120,1
1639121221,0
1699141903,1
1306136270,1
1356616205,1
1861635187,0
1871627323,1
1588086441,0
1164482709,0
1104898634,1
1932172012,1
1942426275,1
1104145150,1
1922288307,1
1861424855,1
1073750832,1
1659639631,0
1760406656,1
1831202126,0
1659592293,0
1932215746,1
1972789899,1
1184171621,1
1265404081,1
1346357506,1
1639181753,0
1639181753,1
1063459717,1
1073721205,1
1407055668,1
1962727073,1
1013081884,1
1043233943,1
1215158449,1
1215158449,1
1982781506,1
1720138936,0
1770662181,1
1679749188,1
1316974850,1
1255447215,1
1528021946,1
1003811167,1
1366680761,1
1992999759,1
1962698175,1
1073558151,1
1134247620,1
1104322627,1
1750683272,1
1285742460,1
1801000518,1
1518176064,0
1437341450,1
1902950066,1
1548229867,1
1972665578,1
1043299159,0
1710286257,1
1265518088,0
1396777660,1
1346372596,1
1477546463,1
1205054806,1
1578754362,1
1013088814,1
1427096783,1
1578753125,1
1699984435,0
1205138419,1
1881038313,1
1417017955,0
1245253012,0
1700907771,1
1285677575,1
1174589618,1
1437167756,1
1851494736,1
1902881618,0
1184837833,1
1578549614,1
1063629368,1
1124309497,1
1881610673,1
1346573508,1
1730315763,1
1255657086,1
1831245760,1
1285958645,1
1770667677,1
1831191022,1
1174607782,1
1073848115,1
1154391001,1
1700945946,1
1346396405,0
1467771253,1
1902868037,1
1720398548,0
1104059740,1
1164531794,1
1386778173,1
1568606598,1
1578609566,1
1124290135,1
1861509101,1
1447337936,0
1669745014,1
1679648836,1
1700038676,1
1922183318,1
1699923052,1
1275718074,1
1124127030,1
1932211745,1
1790946705,1
1508960253,1
1124068077,1
1689741316,1
1992862452,1
1619174059,1
1114197860,1
1962640508,1
1134213796,0
1124423983,1
1801019146,1
1881623411,0
1932123916,1
1649285495,1
1376518779,1
1306889894,1
1740466846,0
1134192370,1
1003915935,1
1184785354,0
1508976564,1
1508817255,1
1750435103,1
1205990769,1
1134387681,1
1326253410,0
1033454848,0
1023187499,1
1639377831,1
1669702874,1
1336492917,1
1306907373,1
1336523497,1
1265784599,1
1023077047,1
1952309239,0
1083791057,1
1063564979,0
1114049228,0
1447371687,1
1619017985,1
1376763334,1
1063720613,1
1497851000,0
1881693109,1
1962590505,0
1386820793,1
1366510752,1
1649217548,1
1255390134,1
1336239102,1
1932437050,1
1558657288,1
1649267998,1
1821325143,0
1497065288,1
1578594453,1
1841592904,0
1821311937,1
1851602874,1
1255339677,1
1811085574,1
1316266331,1
1023003266,0
1881752855,1
1861663213,1
1548492820,1
1558428821,1
1205117462,1
1700900321,1
1346389780,1
1104151026,1
1568400596,0
1225313992,1
1689828493,1
1386773489,1
1225029275,1
1689810723,0
1003057910,1
1538359104,1
1437276128,1
1437276128,0
1265610836,1
1821434168,1
1609817774,1
1871522540,1
1336390533,1
1972687754,1
1942596515,1
1588895635,0
1134409238,1
1467708420,1
1841481587,1
1871797266,1
1891708376,1
1548564362,1
1427260033,1
1912091422,0
1003047879,0
1043395148,1
1336383397,1
1841246121,0
1356454292,1
1215224449,1
1518909977,1
1669640777,1
1285041517,1
1922290048,1
1275580169,1
1043284847,1
1750479788,1
1184790586,1
1760608434,1
1629346804,1
1649526765,1
1881926418,0
1174500474,0
1730272204,1
1346315751,1
1104856772,0
1710089925,1
1346250727,1
1306121637,1
1790880250,1
1235364670,1
1134213580,1
1508871344,1
1710997879,1
1346378254,0
1033299896,1
1114133998,1
1225554975,1
1467519124,1
1518952951,0
1871645788,1
1568737294,1
1669702460,1
1124355573,1
1639173339,0
1386670081,0
1124278973,1
1609107705,1
1164458006,1
1265834212,1
1316179534,1
1659422327,1
1053692103,1
1598781494,1
1255745964,1
1184757957,1
1851418271,1
1265660229,1
1275737504,1
1447399720,1
1851337901,1
1285066191,1
1043409246,1
1881085991,1
1205820909,1
1083614770,0
1730460601,1
1033354212,1
1154589737,1
1063611499,1
1912073792,0
1558537688,1
1659442341,1
1659665792,1
1104891852,1
1629087473,0
1841458478,1
1225224140,1
1821282195,1
1578558789,1
1821269481,1
1265730543,1
1457595084,1
1932266525,0
1134315161,1
1538352166,1
1841498185,1
1356432546,1
1366776676,1
1023006129,1
1295817518,1
1356366777,0
1255459004,1
1326163254,1
1275523755,1
1821363318,1
1790734754,1
1841305562,1
1184654188,1
1356451223,1
1720083272,1
1891793147,1
1194171496,1
1437479011,1
1194796151,1
1548388820,1
1215946751,1
1255467817,1
1932320165,1
1205892858,1
1669611901,1
1548441058,1
1912204538,1
1700109386,1
1477683852,0
1124064639,0
1043590466,0
1689881799,1
1821022955,1
1720189087,1
1942377916,1
1689683831,1
1689683831,1
1780604264,1
1144405499,1
1275515496,1
1871568782,1
1871568782,0
1407990039,1
1407928583,1
1841346160,1
1578817128,1
1316962806,1
1962444075,1
1538156138,1
1386736924,1
1679541098,1
1184797581,0
1518242205,1
1346338183,1
1538276803,1
1508127267,1
1568436244,1
1972670693,1
1407925076,1
1023134160,0
1174545271,0
1598844581,1
1033556048,1
1720177520,1
1962539619,1
1972824845,1
1245246925,1
1003904830,1
1205134236,0
1205963402,1
1477583797,1
1982619649,1
1982619649,1
1750324604,1
1780994699,1
1164467767,1
1316140726,1
1356496715,1
1356450274,1
1467447557,1
1578599346,1
1306153291,1
1306069034,1
1629264411,1
1952310112,1
1376576066,1
1851476535,1
1962556647,1
1245559483,0
1356673487,1
1972869196,1
1033267000,1
1750379830,1
1437138104,1
1417956715,1
1336469360,1
1861693848,1
1770665135,0
1104877869,0
1598704546,1
1821101825,1
1780667550,0
1386699528,1
1821043084,1
1447359443,1
1033311766,1
1225163728,0
1609992890,1
1104800333,1
1013136605,1
1841493582,1
1558385252,0
1558436329,1
1710925656,1
1528171774,1
1649206376,1
1114137882,1
1023170057,0
1225092372,1
1801852488,0
1952364481,1
1922058932,1
1023000122,1
1255480307,0
1790020881,1
1346481728,1
1346481728,1
1023214384,1
1912216755,0
1629298831,1
1730426685,1
1831386309,1
1871071779,1
1710104609,0
1528255528,0
1619072634,0
1376631531,1
1861425696,1
1285809210,1
1477617827,1
1518992270,1
1972791820,1
1609829985,1
1255385019,1
1568899342,1
1922070549,1
1205832086,1
1558428433,1
1114084308,1
1023119898,1
1902842446,1
1174556229,1
1053484279,1
1851536395,1
1104801117,1
1275502932,1
1306910476,1
1194723668,0
1881782373,0
1649457573,1
1225331614,1
1710928239,0
1114015138,1
1801853734,1
1528208741,1
1285614511,0
1518937499,1
1821155755,1
1942338348,1
1528051307,0
1447243373,1
1639242738,1
1376580159,1
1013396415,1
1356481667,1
1336220425,0
1154629582,1
1487631487,0
1619399102,1
1588675896,0
1114927498,0
1265478416,1
1508044173,1
1396125498,1
1710091400,1
1770563512,1
1942459102,1
1467642918,1
1104096692,1
1477696458,1
1457437071,0
1952339020,1
1326360462,1
1114102373,1
1235115155,1
1609077072,1
1184926149,1
1063652436,1
1619995420,1
1053670232,1
1689772188,1
1598942559,1
1558488049,0
1952607236,1
1518927235,0
1053427633,1
1841421716,1
1346227030,0
1730280827,1
1770614695,1
1669518510,0
1073782330,1
1255376216,1
1225082886,1
1124502364,0
1164628764,1
1942373923,0
1780772327,0
1003858010,1
1306923057,1
1740449826,1
1487621579,1
1750453031,1
1134345242,1
1063525343,1
1922266469,1
1528285046,1
1740296961,1
1316977408,1
1225131550,0
1497721039,1
1376596726,1
1437117298,0
1891715678,1
1033388723,1
1316081276,1
1306157698,1
1467400028,1
1629494539,1
1023220043,1
1013226497,1
1134288988,0
1134517204,1
1326077256,1
1659573400,0
1992717250,1
1942608138,1
1699885640,1
1104924349,0
1841517737,1
1003938416,0
1063553592,0
1063625077,1
1013093178,1
1922058767,1
1942241963,1
1558445999,1
1336170877,1
1629339254,1
1174692123,1
1366717514,0
1174543342,1
1780890947,1
1417143629,1
1245425727,1
1063499572,1
1154453132,1
1649472788,1
1912063900,1
1780790287,1
1558569343,1
1568561090,1
1609900174,1
1295744530,1
1457534984,1
1457534984,1
1821058694,1
1659485340,1
1205890027,0
1689719890,1
1811296981,1
1316355548,1
1710948997,1
1205818358,1
1114106853,1
1871771147,1
1356338297,1
1588701114,1
1063827970,1
1194909044,0
1598968059,1
1497934046,1
1568528487,1
1841410701,1
1497936538,1
1265576318,1
1154595213,1
1396846622,1
1861487308,1
1932750494,0
1952542789,1
1770841397,1
1780785907,1
1760555148,1
1619028404,1
1407096555,0
1104126812,1
1548496144,1
1154603462,1
1437318805,1
1275588873,1
1467618066,1
1053443002,1
1053443002,1
1013043298,1
1053486704,1
1366401978,1
1245230028,1
1831115674,1
1053515684,0
1134386030,1
1013079870,1
1861521163,1
1578587341,1
1558605436,0
1609216704,1
1952685505,1
1083681423,1
1770769507,1
1225241649,1
1235186636,1
1497712418,0
1124439468,1
1962760645,1
1407839012,1
1649289794,1
1376847269,1
1598771586,1
1619996220,1
1043319866,1
1619272945,1
1578586095,1
1306049531,1
1326250697,0
1730258807,1
1396799201,1
1316074321,1
1275937468,1
1043534563,1
1790810596,0
1497778153,1
1578551370,0
1457491607,0
1073846424,1
1750449682,1
1144228834,1
1851462303,1
1306860010,1
1225302573,0
1235265091,1
1184753238,1
1831388487,1
1851664163,1
1114092350,1
1003040601,1
1134126055,1
1477536712,1
1497769160,1
1396048476,1
1194745695,0
1518930395,1
1487802054,1
1063583060,1
1972562148,0
1851368583,1
1487687893,1
1023001617,0
1912270273,1
1548251788,1
1750334355,1
1053360420,1
1902903826,0
1902903826,1
1629181052,0
1841276292,1
1699711929,1
1184668048,1
1770505612,1
1639229156,0
1699723304,1
1518028281,1
1497854483,0
1245503812,1
1780685230,1
1710968920,1
1629158514,0
1962433417,1
1174843973,1
1376969717,1
1538169552,1
1790727626,1
1346319225,0
1902953326,1
1881664498,1
1942330030,1
1396075412,1
1114320207,1
1841368727,1
1801814371,1
1578528832,1
1689812547,1
1962439620,0
1336247337,1
1316149396,1
1356427751,1
1487836276,1
1619162492,0
1780808840,0
1649335837,1
1396931960,1
1770844698,0
1851392138,1
1093950396,0
1174504344,1
1407933724,0
1548401292,1
1720192859,1
1033277322,1
1699836783,1
1740208636,1
1285742619,1
1962520106,1
1386199503,1
1891879003,1
1750509915,1
1871523852,0
1023269974,1
1598714784,1
1275649170,0
1598902462,1
1598790545,0
1730382227,1
1760602551,0
1457485906,1
1346421815,1
1740241843,1
1053622035,1
1124024435,1
1194930149,0
1578637385,1
1558366815,1
1174561708,1
